id,name
C_course-v1:McGillX+ATOC185x+2015_T1,自然灾害
C_course-v1:TsinghuaX+THESIS2015X+2015_T1,2015年清华大学研究生学位论文答辩
C_course-v1:TsinghuaX+THESIS2014_1X_tv+_2014_,2014年清华大学研究生学位论文答辩
C_course-v1:TsinghuaX+THESIS2015X_tv+2015_T1,2015年清华大学研究生学位论文答辩
C_course-v1:TsinghuaX+00690242+sp,文物精品与文化中国
C_course-v1:HNU+HNU001+sp,现代礼仪
C_course-v1:TsinghuaX+00720091X+sp,足球运动与科学
C_course-v1:TsinghuaX+00612642X+sp,《资治通鉴》导读
C_course-v1:TsinghuaX+00691153X+sp,不朽的艺术：走进大师与经典
C_course-v1:UQx+Think101x+sp,日常思考的科学
C_course-v1:TsinghuaX+JWWCD001+2015_T2,教＆学微辞典
C_course-v1:TsinghuaX+70660542X+2015_T2,法学高级入门
C_course-v1:TsinghuaX+70120073X+sp,有限元分析及应用
C_course-v1:PekingX+Peking001x+_,慕课问道
C_course-v1:UST+UST001+sp,网络技术与应用
C_course-v1:SDUx+00931800X+sp,线性代数
C_course-v1:TsinghuaX+00690212X+sp,中国古代礼义文明
C_course-v1:TsinghuaX+00680082X+sp,审美的历程
C_course-v1:TsinghuaX+30260112X+sp,微纳加工技术
C_course-v1:TsinghuaX+00310222X+sp,创客培养：趣味力学实验与制作
C_course-v1:BIT+PHY1701702+sp,大学物理——电磁学
C_course-v1:BIT+PHY1701701+sp,大学物理——近代物理
C_course-v1:TsinghuaX+80515522X+sp,中国房地产发展之路
C_course-v1:TsinghuaX+34000888X+sp,走进医学
C_course-v1:TsinghuaX+00690092X+sp,逻辑学概论
C_course-v1:TsinghuaX+00690342X+sp,西方哲学精神探源
C_course-v1:TsinghuaX+20350033X+sp,工程材料
C_course-v1:TsinghuaX+00740043X_2015_T2+sp,C++语言程序设计基础
C_course-v1:TsinghuaX+00740043_2x_2015_T2+sp,C++语言程序设计进阶 
C_course-v1:TsinghuaX+10610193X+sp,中国近现代史纲要
C_course-v1:Tsinghuax+30130123X+sp,控制工程基础
C_course-v1:TsinghuaX+40050444X+sp,大气污染控制工程
C_course-v1:TsinghuaX+30320174X+sp,核辐射物理及探测学
C_course-v1:TsinghuaX+00460032X+sp,应对气候变化的中国视角
C_course-v1:BIT+PHY1701601+sp,大学物理——力学与热学
C_course-v1:MicrosoftX+Microsoft101+sp,微软亚洲研究院大数据系列讲座
C_course-v1:BIT+PHY17016+sp,大学物理——振动、波动与光学
C_course-v1:TsinghuaX+MOOC101_2015_2+sp,e时代的大佬师——慕课教师的修炼心法
C_course-v1:TsinghuaX+70250023X_2015_2+sp,线性系统理论
C_course-v1:TsinghuaX+10430484X_2015_2+sp,大学物理1 
C_course-v1:TsinghuaX+10430494X_2015_2+sp,大学物理2 
C_course-v1:TsinghuaX+20220053X_2015_T2+sp,电工技术
C_course-v1:TsinghuaX+30150153X+sp,汽车发动机原理
C_course-v1:TsinghuaX+10421075X_2015_2+sp,微积分B
C_course-v1:TsinghuaX+10421084X_2015_2+sp,微积分B
C_course-v1:TsinghuaX+20330334X_2015_2+sp,理论力学
C_course-v1:TsinghuaX+0350161X_2015_T2+sp,材料学概论
C_course-v1:TsinghuaX+10421102x_2015_T2+sp,线性代数
C_course-v1:TsinghuaX+20430064X+sp,量子力学
C_course-v1:TsinghuaX+20250103X+sp,数字电子技术基础
C_course-v1:TsinghuaX+60240202X+sp,大数据平台核心技术
C_course-v1:TsinghuaX+10421094X_2015_2+sp,线性代数
C_course-v1:TsinghuaX+80150193X+sp,汽车碰撞安全基础
C_course-v1:TsinghuaX+30670043X+sp,传播学原理
C_course-v1:TsinghuaX+30150303X+sp,汽车造型设计二维表达
C_course-v1:AdelaideX+Wine101x+sp,葡萄酒的世界：从葡萄到美酒
C_course-v1:WellesleyX+HIST229x+sp,亚历山大大帝伟大吗？
C_course-v1:MITx+6_00_1x+sp,计算机科学和Python编程导论
C_course-v1:MITx+15_390_2x+sp,创业102：你能为客户做什么？
C_course-v1:WUT+WUT2016003+2016_T2,设计学原理
C_course-v1:TsinghuaX+THESIS2016X_tv+2016_T1,2016年清华大学研究生学位论文答辩
C_course-v1:TsinghuaX+30140393X+sp,燃烧理论
C_course-v1:TsinghuaX+30240184+sp,数据结构
C_course-v1:TsinghuaX+70167012X+sp,设计的人因与文化
C_course-v1:BJUT+2140074001x+sp,高级数据库系统
C_course-v1:TsinghuaX+30240184_2X+sp,数据结构
C_course-v1:TsinghuaX+30240243X+sp,操作系统
C_course-v1:TsinghuaX+80000822X+sp,适老居住空间与环境设计
C_course-v1:BSU+BSU001+sp,走近冬奥会
C_course-v1:TsinghuaX+40050455X+sp,水处理工程-生化技术
C_course-v1:MITx+6_002x+sp,电路与电子学 
C_course-v1:TsinghuaX+60240013X+sp,组合数学
C_course-v1:TsinghuaX+00740113_2X+sp,VC++面向对象与可视化程序设计：MFC编程基础 
C_course-v1:UC_BerkeleyX+CS_184_1x+sp,计算机图形学导论
C_course-v1:TsinghuaX+TsinghuaMandarin01+sp,对外汉语
C_course-v1:TsinghuaX+80590952X+sp,公共危机管理
C_course-v1:TsinghuaX+00740113_1X+sp,VC++面向对象与可视化程序设计：Windows编程基础 
C_course-v1:UQx+BIOIMG101x+sp,生物医学成像学导论
C_course-v1:UQx+TROPIC101x+sp,热带海岸线生态系统
C_course-v1:TsinghuaX+20120143X+sp,工程制图 
C_course-v1:TsinghuaX+70150023X+sp,汽车理论 
C_course-v1:RiceX+AdvENVSCI_1x+sp,AP*备考——环境科学，第一部分：生物界
C_course-v1:TsinghuaX+34100325_X+sp,软件工程
C_course-v1:TsinghuaX+40050455_2X+sp,水处理工程-物化技术
C_course-v1:RiceX+BIOC372_1x+sp,免疫学基础——第Ⅰ部分
C_course-v1:RiceX+BIOC372_2x+sp,免疫学基础——第Ⅱ部分
C_course-v1:RiceX+AdvBIO_1x+sp,AP*备考——生物学，第一部分：细胞
C_course-v1:RiceX+AdvBIO_2x+sp,AP*备考——生物学，第二部分：遗传学
C_course-v1:TsinghuaX+30040323X+sp,水力学
C_course-v1:RiceX+AdvBIO_3x+sp,AP*备考——生物学，第三部分：演化和多样性
C_course-v1:edX+BlendedX+sp,混合式学习
C_course-v1:RiceX+AdvBIO_4x+sp,AP*备考——生物学，第四部分：生态学
C_course-v1:TsinghuaX+20430064_2X+sp,量子力学
C_course-v1:RiceX+AdvENVSCI_2x+sp,AP*备考——环境科学，第二部分：种群
C_course-v1:RiceX+AdvENVSCI_3x+sp,AP*备考——环境科学，第三部分：污染和资源
C_course-v1:Tsinghua+20150001+sp,如何写好科研论文
C_course-v1:UQx+Crime101x+sp,刑事审判心理学
C_course-v1:TsinghuaX+00040132X+sp,宝玉石鉴赏
C_course-v1:RiceX+RELI157x+sp,宗教和嘻哈文化
C_course-v1:TsinghuaX+00740123_X+sp,Java程序设计
C_course-v1:TsinghuaX+64100033X+SP,大数据系统基础
C_course-v1:TsinghuaX+60610231+2016_T2_SP,工程伦理
C_course-v1:JXUST+JXUST2016001+2016_T2,人工智能
C_course-v1:NJU+C1026+2016_T2,计算机操作系统
C_course-v1:ZUELX+B0800280+sp,内部控制与风险管理
C_course-v1:NBCC+NBCC000201+_sp,Linux系统管理
C_course-v1:TsinghuaX+01030132X+sp,大学历史与文化
C_course-v1:DelftX+ET3034x+sp,太阳能
C_course-v1:ZJUX+2017011101X+2017_T1,环境工程CAD
C_course-v1:NUDT+125205501+sp,公共管理学
C_course-v1:WUT+1022817X+sp,互联网大规模数据分析技术
C_course-v1:USTC+2017011401X+2017_T1,互联网体系结构
C_course-v1:USTC+2017011402X+2017_T1,Web安全实践
C_course-v1:NUDT+2017011401X+2017_T1,电子政务
C_course-v1:TsinghuaX+80240372X+sp,数据挖掘：理论与算法
C_course-v1:TsinghuaX+Thesis2016X+sp,2016年清华大学研究生学位论文答辩
C_course-v1:NCTU+wghx+2017_T1,微观化学世界
C_course-v1:TsinghuaX+20440333X+sp,有机化学
C_course-v1:TsinghuaX+00701032X+sp,美国政治概论
C_course-v1:HUBU+HU08002X+sp,运动与健康
C_course-v1:HUBU+HU08003X+sp,运动与解剖学
C_course-v1:HUBU+20170227X+sp,大学葡萄牙语
C_course-v1:HUBU+2017022703X+sp,英语语音
C_course-v1:TsinghuaX+2070071X+2017_T1,大学生心理健康
C_course-v1:WUT+WUT2016001+sp,网络、群体与市场
C_course-v1:BIT+BIT2016001+sp,软件工程与软件自动化
C_course-v1:HUBU+2017030501X+sp,电路与电工实验
C_course-v1:HIT+HIT2016002+sp,高山滑雪
C_course-v1:HIT+HIT2016001+sp,冰壶
C_course-v1:TsinghuaX+80140242+sp,介质辐射传热
C_course-v1:TsinghuaX+81020142X+sp,IC设计与方法
C_course-v1:TsinghuaX+Pr20170406-SC_p1+sp,智能车制作：嵌入式系统
C_course-v1:GXUST+2017041901X+2017_T1,计算思维导论
C_course-v1:BNU+GE410081071-01+2017_T1,循环经济与可持续发展型企业
C_course-v1:FudanX+SOSC120007+sp,货币金融学
C_course-v1:JNUX+07009156X+sp,中医与诊断-学做自己的医生
C_course-v1:TsinghuaX+00690212X-2+sp,中国古代礼义文明
C_course-v1:ZUELX+B0601353+sp,组织行为学——如何有效管理员工行为
C_course-v1:TsinghuaX+80000901X_2+sp,中国建筑史
C_course-v1:TsinghuaX+30640014X+sp,生活英语听说
C_course-v1:McGillX+Chem181x+sp,食物与健康
C_course-v1:TsinghuaX+30806872X+sp,生活、艺术与时尚：中国服饰七千年
C_course-v1:TsinghuaX+30700313X+sp,心理学概论
C_course-v1:SEU+00690803+sp,大学国文
C_course-v1:TsinghuaX+10800163X+sp,艺术的启示
C_course-v1:TsinghuaX+00690302_2+sp,携手向花间——昆曲经典剧目欣赏
C_course-v1:DYU+dyuwgzbbm+sp,财务报表：为公司把把脉
C_course-v1:TsinghuaX+10800032X+sp,外国工艺美术史
C_course-v1:WellesleyX+ANTH207x+sp,人类进化导论
C_course-v1:TsinghuaX+80000901X_1+sp,中国建筑史
C_course-v1:TsinghuaX+80611322X+sp,教育社会学
C_course-v1:TsinghuaX+00612643X+sp,大唐兴衰
C_course-v1:TsinghuaX+90640012X+sp,生活英语读写
C_course-v1:ACCA+MA1_X+sp,初级管理会计
C_course-v1:CUPB+CUPB201702+sp,中国石油文化
C_course-v1:TsinghuaX+10610224X+sp,毛泽东思想和中国特色社会主义理论体系概论
C_course-v1:SEU+00690803+Sp,大学国文
C_course-v1:TsinghuaX+00690302_1+sp,原来姹紫嫣红开遍——昆曲艺术欣赏
C_course-v1:TsinghuaX+400182X+sp,医的奥秘
C_course-v1:TsinghuaX+10691113X+sp,西方思想经典与现代社会
C_course-v1:RiceX+MedDigX+sp,数字时代的医学
C_course-v1:WageningenX+NUTR101x+sp,营养与健康
C_course-v1:ACCA+MA2_X+sp,中级管理会计
C_course-v1:TsinghuaX+20220332X+sp,日语与日本文化
C_course-v1:TsinghuaX+00670122X+sp,现代生活美学
C_course-v1:TsinghuaX+THU201605X+sp,信息素养——学术研究的必修课
C_course-v1:TsinghuaX+02070251X+sp,职业探索与选择
C_course-v1:XJTU+ME-XMGL2013-014X+sp,项目采购与合同管理
C_course-v1:MIL+MIL2016001+sp,我国周边14个陆地邻国基本情况介绍
C_course-v1:JinanX+2017031001X+sp,华文教学的理念与方法
C_course-v1:TsinghuaX+40260092X+sp,集成传感器
C_course-v1:TsinghuaX+10610183_2X+sp,思想道德修养与法律基础 
C_course-v1:TsinghuaX+40160092X+sp,生产计划与控制
C_course-v1:TsinghuaX+TSINGHUA107+sp,经典与思考——人文清华大师面对面
C_course-v1:AdelaideX+humbio101+sp,基本人体生物学：细胞和组织
C_course-v1:TsinghuaX+40990255X_1+sp,暖通空调
C_course-v1:TsinghuaX+30040352X+sp,地下水文学)
C_course-v1:TsinghuaX+70612463X+sp,基于R语言的社会统计分析
C_course-v1:TsinghuaX+20250064X+sp,模拟电子技术基础
C_course-v1:FUDANx+ECON1300812+sp,金融工程
C_course-v1:TsinghuaX+00690863X+sp,唐宋词鉴赏
C_course-v1:JSUX+2017011101X+sp,艺术心理学
C_course-v1:TJU+2010241X+sp,园林植物景观学原理与方法
C_course-v1:ZUEL+B0680090+sp,经济地理与企业兴衰
C_course-v1:ACCA+FA2_X+sp,中级财务会计
C_course-v1:ACCA+FA1_X+sp,初级财务会计
C_course-v1:HEBNU+2017011901X+sp,模拟电子技术基础
C_course-v1:Tsinghua+Thesis2017X+2017_T1,2017年清华大学研究生学位论文答辩
C_course-v1:ICx+Spanish001+sp,西班牙语很容易 El español es fácil
C_course-v1:TsinghuaX+80000271X+sp,住宅精细化设计
C_course-v1:HUBU+20170619001+sp,环境生态学
C_course-v1:ZJFF+000516+sp,商务礼仪
C_course-v1:XJTU+COMP200853+sp,微机原理与接口技术
C_course-v1:HAUT+2017070701X+sp,有机化学
C_course-v1:BNU+2017071001X+2017_sp,环境地学原理
C_course-v1:UESTC+2017071301X+sp,嵌入式系统设计
C_course-v1:XJTU+PHLS100914+sp,医学伦理学
C_course-v1:XJTU+C00204+sp,中国哲学经典著作导读
C_course-v1:GZHU+000001004+sp,中国近现代史纲要
C_course-v1:GZHU+136300904+sp,生死学
C_course-v1:BJTU+2017072501X+sp,技术创新简史
C_course-v1:NU+2017081001X+sp,物理与人类未来
C_course-v1:CQU+ICE20012+sp,卡通说解数字电子技术
C_course-v1:SPI+40281x+sp,PLC应用技术
C_course-v1:SPI+20170828001x+sp,电气控制系统装接与调试
C_course-v1:KMUSTX+8209001+sp,生活中的市场营销学
C_course-v1:EST+20170914+sp,测试系统集成技术
C_course-v1:MIT_SLT_Lab+161x+sp,创新土地再开发：土地整备
C_course-v1:TsinghuaX+20220332X_1+2017_T2,日语与日本文化
C_course-v1:HEBUT+20170921001+sp,工程图学
C_course-v1:JNUX+jnu05011190X+sp,华文趣味教学法
C_course-v1:SICT+2017092601+sp,智能设备应用开发
C_course-v1:SCUT+145055+sp,数据结构
C_course-v1:JNU+07009215+sp,自然保护与生态安全：拯救地球家园
C_course-v1:SXPI+20171101002+sp,高等数学
C_course-v1:YMY+20171108001+sp,关爱健康·从齿开启
C_course-v1:TsinghuaX+20250064+sp,模拟电子技术基础
C_course-v1:LZU+20171113+SP,室内花草栽培技术与装饰布景
C_course-v1:FAFU+20171121001+2017_T1,寄生虫与公共卫生
C_course-v1:WHUT+20171128+sp,产品开发设计
C_course-v1:CUNY+20171211001+sp,网络安全概述
C_course-v1:TsinghuaX+Thesis2018+sp,2017年清华大学研究生学位论文答辩
C_course-v1:JNU+07040146+2018_T1,细胞生物学：细胞社会的奥秘
C_course-v1:RiceX+Phys102x+sp,Electricity & Magnetism
C_course-v1:MITx+2_03x+sp,动力学
C_course-v1:UC_BerkeleyX+CS169_2x+sp,软件即服务  - 第 2 部分
C_course-v1:cup+20180130+sp,催化剂设计与制备
C_course-v1:XIYOU+20180208+sp,编译技术
C_course-v1:GZLIS+070200140+2018_T1,印刷色彩基础与实务
C_course-v1:TsinghuaX+00670122+sp,现代生活美学进阶
C_course-v1:PasteurX+96008+sp,结核病 
C_course-v1:LUIBE+2018030701+sp,揭开潜意识心理的奥秘
C_course-v1:JNU+03010100+sp,法律人看婚姻家事
C_course-v1:TsinghuaX+2018032801X+2018_T1,学做小程序
C_course-v1:dlmu+20180330+sp,实用绳结技术
C_course-v1:dlmu+20180403+sp,轮机自动化
C_course-v1:QHU+20180419+sp,丝路南线民间文学
C_course-v1:HNU+20180424001+2018_T1,马克思主义基本原理
C_course-v1:MIT_SLT_Lab+162x+2018_T1,社会责任地产开发：学习使用影响评估工具
C_course-v1:JNU+07009188+2018_T2,力学与现代生活——开启科学人生
C_course-v1:JNU+2018012501X+sp,民法与生活
C_course-v1:SCUEC+0171229001+sp,"Hello,心理学"
C_course-v1:SCUT+145033+sp,计算机网络
C_course-v1:NJU+2018032001X+sp,心理学与生活
C_course-v1:Stanford+WomensHealth+sp,妇女健康和权益 International Women's Health and Human Rights
C_course-v1:NJU+2018032002X+SP,手把手教你心理咨询：谈话的艺术
C_course-v1:BerkeleyX+CS169_1X+sp,云计算与软件工程
C_course-v1:NJU+37204001+2018_T3,学在南哲：哲学与哲人
C_course-v1:CSU+210102T10+sp,大学生心理健康教育
C_course-v1:CSU+2018020201X+sp,主题英语
C_course-v1:CSU+210201T10+sp,中国近现代史纲要
C_course-v1:NCEPU+20180628001+2018_T2,自动化专业概论
C_course-v1:BJTU+2017052601X+2018_T2,技术创新简史
C_course-v1:CCI+ccioo1+2018_T3,医疗器械与医学创新
C_course-v1:ZUELX+B0601353+2018_T2,组织行为学——如何有效管理员工行为
C_course-v1:ZUELX+B0800280+2018_T2,内部控制与风险管理
C_course-v1:TsinghuaX+20430054X1+sp,电动力学
C_course-v1:TsinghuaX+20430054X_1+sp,电动力学
C_course-v1:TsinghuaX+20140064X+2018_sp,工程热力学
C_course-v1:TsinghuaX+20140064_2X+2018_sp,工程热力学
C_course-v1:NUDT+05028103+2018_T2,大学英文写作
C_course-v1:BNU+2017001+2018_T2,环境污染事件与应急响应
C_course-v1:SJU+2018072301+sp,交互设计
C_course-v1:SXPI+20171101005+2018_T2,思想道德修养与法律基础
C_course-v1:NBCC+013G29A00+2018_T2,劳动关系实务操作
C_course-v1:FAFU+20180104002+sp,邮票上的昆虫世界
C_course-v1:SCUT+145055+2018_T2,数据结构
C_course-v1:SichuanU+304231020+sp,智能时代下的创新创业实践
C_course-v1:CityU+GE2304+sp,创新创业基础
C_course-v1:CSU+82150112201+2018_T2,循证医学
C_course-v1:NEU+2018051501+sp,软件工程
C_course-v1:CSU+82150112201+sp,循证医学
C_course-v1:UESTC+E2216230+2018_T2,数据库系统原理与开发
C_course-v1:TsinghuaX+Intro2EltrMrt+2018_T2,电力市场概论
C_course-v1:CSU+20180918X+2018_T2,思想道德修养与法律基础
C_course-v1:gmc+30102+2018_T2,病理生理学
C_course-v1:gmc+306702+2018_t2,药物化学
C_course-v1:jlu+20180925+2018_T2,汽车行走的艺术
C_course-v1:NBCC+031J33B00+sp,“做中学”Java程序设计
C_course-v1:KMUSTX+1803168+2018_T2,基因工程
C_course-v1:Tsinghua+20181011X+2018_T2,青年AI自强计划-计算机视觉课程
C_course-v1:gmc+3060511+2018_T2,药剂学
C_course-v1:PSFFC+2018102402X+2018_T2,工业企业消防安全
C_course-v1:PSFFC+2018102403X+2018_T2,建筑消防安全
C_course-v1:PSFFC+2018102404X+2018_T2,灭火战术
C_course-v1:PSFFC+2018102405X+2018_T2,消防燃烧学
C_course-v1:PSFFC+2018102406X+2018_T2,消防应急救援
C_course-v1:BNU+CSL21148501+2018_T2,汉语文字词汇
C_course-v1:XJAU+246010007+2018_T2,Python 交互式程序设计导论
C_course-v1:JNU+077901mc08+2018_T3,生物医药实验室安全知识
C_course-v1:YLVTC+2018111301X+2018_T2,市场营销技能
C_course-v1:IMUN+5016105+2019_T1,中国古代文学
C_course-v1:HLJUX+1811012013+2018_T2,中华诗词经典吟唱
C_course-v1:GIT+0500002402+2018_T2,电路原理
C_course-v1:BNU+CSL21126882+2019_T1,应用语言学理论与实践
C_course-v1:SWPU+3615001035+2019_T1,钻井与完井工程
C_course-v1:BNU+2017112001X+2019_T1,史学名家的治史历程与方法
C_course-v1:SHZU+Z104021+2019_T1,药物分析
C_course-v1:TsinghuaX+60700052X+2019_T1,数据科学导论
C_course-v1:LinuxFoundationX+Linux001+sp,Linux导论
C_course-v1:TsinghuaX+70150104X+2019_T1,动态测试与分析2019春
C_course-v1:TsinghuaX+70150104_2X+2019_T1,动态测试与分析2019春
C_course-v1:BNU+GOV21089621+2019_T1,定性研究方法
C_course-v1:SDSNAssociation+ASD+sp,Age of Sustainable Development
C_course-v1:WUT+WUT2016001+2019_T1,网络、群体与市场
C_course-v1:WUST+20180821002X+2019_T1,创业学
C_course-v1:BNU+2018091301X+2019_T1,运动与减脂塑形
C_course-v1:BNU+2018091303X+2019_T1,运动与慢病防治
C_course-v1:JNUX+2018120406X+2018_T2,数学建模
C_course-v1:NEU+20181206X+2018_T2,材料现代研究方法
C_course-v1:QHU+20180419+2019_T1,丝路南线民间文学
C_course-v1:BNU+2018091304X+2019_T1,运动与体能提升
C_course-v1:BNU+2018091305X+2019_T1,武术与强身避险
C_course-v1:ZZU+2018032501X+2019_T1,信息技术与教育应用
C_course-v1:BNU+2018091302X+2019_T1,运动与关节健康
C_course-v1:TsinghuaX+80240372X+2019_T1,数据挖掘：理论与算法
C_course-v1:SDSNAssociation+PB+sp,Planetary Boundaries
C_course-v1:HNU+20180529001+2019_T1,设计的力量
C_course-v1:TsinghuaX+01510192X+2019_T1,创业导引——与创业名家面对面
C_course-v1:qhnu+20181212x+2018_T2,藏语言文字学概论
C_course-v1:CIE+CIE2016005+2019_T1,创业领导力：美国宇航局的4D卓越团队明星课
C_course-v1:CIE+CIE2017005+2019_T1,创业实践案例课程
C_course-v1:ZZU+20180116001+2019_T1,科举与唐诗
C_course-v1:CIE+CIE2017008+2019_T1,创业私董会
C_course-v1:XJTU+2018121301X+2018_T2,牙周病学
C_course-v1:CIE+CIE2016004+2019_T1,复盘：让创业不败的方法论
C_course-v1:CIE+CIE2017004+2019_T1,创业成功第一步：写好商业计划书
C_course-v1:WUT+1022817X+2019_T1,互联网大规模数据分析技术
C_course-v1:CIE+JD_2017+2019_T1,万众创新第一课：创新总论与技术产业化
C_course-v1:MITx+15_390_2x+2019_T1,创业102：你能为客户做什么？
C_course-v1:CIE+CIE2017002+2019_T1,项目管理
C_course-v1:CIE+CIE2017001+2019_T1,创新创业心理学
C_course-v1:CIE+CIE2016002+2019_T1,创业失败：原因与出路
C_course-v1:BNU+GE410081071-01+2019_T1,循环经济与可持续发展型企业
C_course-v1:HIT+HIT2016001+2019_T1,冰壶运动
C_course-v1:BNU+ENV21105101+2019_T1,固体废物处置与资源化
C_course-v1:TsinghuaX+00510663X+2019_T1,商学导论：10节课带你走进商业世界
C_course-v1:TsinghuaX+00690242X+2019_T1,文物精品与文化中国
C_course-v1:FZXY+20171127004+2019_T1,灾害风险管理
C_course-v1:TsinghuaX+00040132X+2019_T1,宝玉石鉴赏
C_course-v1:TsinghuaX+00691153X+2019_T1,不朽的艺术：走进大师与经典
C_course-v1:TsinghuaX+10800163X+2019_T1,艺术的启示
C_course-v1:TsinghuaX+00670122X+2019_T1,现代生活美学——插花之道
C_course-v1:TsinghuaX+30806872X+2019_T1,生活、艺术与时尚：中国服饰七千年
C_course-v1:SDSNAssociation+CSN+sp,Climate Change Science and Negotiations
C_course-v1:SDSNAssociation+ECD001+sp,The Best Start in Life: Early Childhood Development for Sustainable Development
C_course-v1:SDSNAssociation+C21001+sp,Cities and the Challenge of Sustainable Development
C_course-v1:SDSNAssociation+TOW001+sp,Transforming Our World
C_course-v1:SDSNAssociation+SC001+sp,Sustainable Cities
C_course-v1:TsinghuaX+10800032X+2019_T1,外国工艺美术史
C_course-v1:TsinghuaX+00670122+2019_T1,现代生活美学进阶
C_course-v1:TsinghuaX+THU201605X+2019_T1,信息素养——学术研究的必修课
C_course-v1:TsinghuaX+30805743+2019_T1,视觉语言
C_course-v1:TsinghuaX+40510293X+2019_T1,金融工程导论
C_course-v1:TsinghuaX+30670043X+2019_T1,传播学原理
C_course-v1:TsinghuaX+00740123X+2019_T1,Java程序设计
C_course-v1:TsinghuaX+2018031901X+2019_T1,习近平新时代中国特色社会主义思想：新发展理念
C_course-v1:HNU+GE14068+2019_T1,孙子兵法
C_course-v1:TsinghuaX+10691113X+2019_T1,西方思想经典与现代社会
C_course-v1:FJNU+5000320201+2019_T1,走进性科学
C_course-v1:HUBU+20170227X+2019_T1,大学葡萄牙语
C_course-v1:TsinghuaX+00510133X+2019_T1,会计学原理
C_course-v1:TsinghuaX+00720091X+2019_T1,足球运动与科学
C_course-v1:TsinghuaX+30240532X+2019_T1,面向对象程序设计
C_course-v1:YSU+20180301002+2019_T1,线性代数
C_course-v1:MUC+24040004+2019_T1,唐史四讲
C_course-v1:TsinghuaX+20150001+2019_T1,如何写好科研论文
C_course-v1:TsinghuaX+00612642X+2019_T1,《资治通鉴》导读
C_course-v1:MUC+2018031801X+2019_T1,影像中的人类学
C_course-v1:TsinghuaX+70612463X+2019_T1,基于R语言的社会统计分析
C_course-v1:TsinghuaX+00690863X+2019_T1,唐宋词鉴赏
C_course-v1:TsinghuaX+00612643X+2019_T1,大唐兴衰
C_course-v1:MUC+050104+2019_T1,中国少数民族神话赏析
C_course-v1:UQx+Think101x+2019_T1,日常思考的科学
C_course-v1:KMUSTX+1193004+2019_T1,极速悟透3ds Max
C_course-v1:KMUSTX+1153036+2019_T1,职场菜鸟礼仪指南
C_course-v1:KMUSTX+2018091101X+2019_T1,教你孕育健康宝贝
C_course-v1:LZU+2018122505X+2018_T2,马克思主义基本原理概论
C_course-v1:XJTU+2018122507X+2018_T2,呼吸系统疾病
C_course-v1:YIT+2018122509X+2018_T2,大学计算机基础与应用
C_course-v1:TsinghuaX+400182X+2019_T1,医的奥秘
C_course-v1:YLVTC+2018122511X+2018_T2,植物组织培养技术
C_course-v1:CWU+2018122606X+2018_T2,家庭理财
C_course-v1:BUCM+2018122604X+2018_T2,循证护理
C_course-v1:HBPU+20181226006X+2018_T2,高级语言程序设计
C_course-v1:TsinghuaX+00310222X+2019_T1,创客培养：趣味力学实验与制作
C_course-v1:qdu+2018122608X+2018_T2,电工电子技术
C_course-v1:BNU+2018122603X+2018_T2,篮球——基本技术
C_course-v1:TsinghuaX+60250131X+2019_T1,大数据科学与应用系列讲座
C_course-v1:TsinghuaX+80590892+2019_T1,公共事务伦理
C_course-v1:TsinghuaX+34000888X+2019_T1,走进医学
C_course-v1:HUBU+HU08002X+2019_T1,运动与健康
C_course-v1:HNU+AR03015+2019_T1,中国古代建筑艺术
C_course-v1:TsinghuaX+00740043_1x+2019_T1,C++语言程序设计基础
C_course-v1:CQU+2018122703+2018_T2,基础会计学
C_course-v1:BFU+2018122709+2018_T2,风景园林艺术原理
C_course-v1:nxu+2018122711+2018_T2,解读西夏
C_course-v1:TsinghuaX+00740043_2x+2019_T1,C++语言程序设计进阶
C_course-v1:BSU+BSU001+2019_T1,走近冬奥会
C_course-v1:TsinghuaX+40809644X+2019_T1,界面设计导论
C_course-v1:SCUT+2018122802X+2018_T2,小白学人工智能
C_course-v1:TsinghuaX+20220332X+2019_T1,日语与日本文化
C_course-v1:TsinghuaX+40140632X+2019_T1,流体机械基础
C_course-v1:TsinghuaX+30240233X+2019_T1,程序设计基础
C_course-v1:TsinghuaX+20220214X+2019_T1,电路原理
C_course-v1:HUBU+20170914001+2019_T1,房地产开发与经营
C_course-v1:TsinghuaX+40050444X+2019_T1,大气污染控制工程
C_course-v1:HEBUT+20180301001+2019_T1,建设项目管理
C_course-v1:TsinghuaX+70000662+2019_T1,大数据与城市规划
C_course-v1:TsinghuaX+2017091801X+2019_T1,PPP理论与实践
C_course-v1:BIFT+2018122901X+2018_T2,服装大师的设计历程
C_course-v1:BIFT+2018122902X+2018_T2,服装CAD应用
C_course-v1:TsinghuaX+2018011901X+2019_T1,Petri网：模型、理论与应用
C_course-v1:UIR+2018040201X+2019_T1,大学生国家安全教育
C_course-v1:CSU+CSU002+2019_T1,医学文献检索
C_course-v1:HQU+20180307009+2019_T1,商务礼仪与沟通艺术
C_course-v1:SXPI+20170828001x+2019_T1,电气控制系统装接与调试
C_course-v1:SXPI+40281x+2019_T1,PLC应用技术
C_course-v1:LUIBE+2018080602+2019_T1,会展策划与管理
C_course-v1:LUIBE+201808064+2019_T1,百年旅顺
C_course-v1:LUIBE+2018080601+2019_T1,影视鉴赏
C_course-v1:LUIBE+201808063+2019_T1,中国民俗文化赏析
C_course-v1:snnu+20180920X+2019_T1,逻辑思维与写作
C_course-v1:SXPI+20180919X+2019_T1,创新创业基础
C_course-v1:CSU+2018020101X+2019_T1,大学生心理健康教育
C_course-v1:TsinghuaX+10421094X+2019_T1,线性代数
C_course-v1:CSU+20180910X+2019_T1,医学实验技术与方法新进展
C_course-v1:NJU+2018041201X+sp,走近中华优秀传统文化
C_course-v1:XIYOU+20180208+2019_T1,编译技术
C_course-v1:TsinghuaX+laserapp+2019_T1,激光及其应用
C_course-v1:HIT+13SC20301820+2019_T1,会计信息系统
C_course-v1:CHD+20180622001+2019_T1,道路工程材料
C_course-v1:ACCA+MA1_X+2019_T1,初级管理会计
C_course-v1:ACCA+MA2_X+2019_T1,中级管理会计
C_course-v1:TsinghuaX+10690012+2019_T1,学术之道 
C_course-v1:BFU+15002360+2019_T1,创业管理四季歌：艺术思维与技术行动
C_course-v1:ZAFU+20171218+2019_T1,管理学原理
C_course-v1:BNU+0910042801+2019_T1,普通化学
C_course-v1:ACCA+FA2_X+2019_T1,中级财务会计
C_course-v1:ACCA+FA2_X_en+2019_T1,Intermediate Bookkeeping
C_course-v1:BNU+2018011801X+2019_T1,恢复生态学
C_course-v1:BNU+0610073981+2019_T1,西方哲学I：古代部分
C_course-v1:BNU+1010070372+2019_T1,微生物学
C_course-v1:BNU+GE310141091+2019_T1,新闻摄影
C_course-v1:ACCA+MA2_X_en+2019_T1,Intermediate Management Accounting
C_course-v1:ACCA+FA1_X+2019_T1,初级财务会计
C_course-v1:ACCA+MA1_X_en+2019_T1,Introduction to Management Accounting
C_course-v1:BNU+PHI2107404101+2019_T1,《纯粹理性批判》导论
C_course-v1:BNU+2017001+2019_T1,环境污染事件与应急响应
C_course-v1:BNU+0610073991+2019_T1,西方哲学II：近代部分
C_course-v1:TsinghuaX+80511503X+2019_T1,营销：人人都需要的一门课
C_course-v1:ACCA+FA1_X_en+2019_T1,Introduction to Bookkeeping
C_course-v1:SichuanU+106588020+sp,巴蜀文化
C_course-v1:BurgundyX+82005+2019_T1,葡萄和葡萄酒
C_course-v1:HRBEU+2018081301+sp,知识产权法与创新保护
C_course-v1:GZHU+136300904+2019_T1,生死学
C_course-v1:XJTU+20171025001+2019_T1,大学化学
C_course-v1:TsinghuaX+20740084X+2019_T1,基于Linux的C++
C_course-v1:FAFU+55071003+2019_T1,寄生虫与公共卫生
C_course-v1:TsinghuaX+80000522X+2019_T1,建筑室内热环境模拟及应用
C_course-v1:TsinghuaX+40040152X+2019_T1,地质学与工程地质
C_course-v1:TsinghuaX+40130653X+2019_T1,测试与检测技术基础
C_course-v1:TsinghuaX+20240103X+2019_T1,汇编语言程序设计
C_course-v1:TsinghuaX+THU201606X+2019_T1,高级大数据系统
C_course-v1:TsinghuaX+30260032X_+2019_T1,MEMS与微系统
C_course-v1:TsinghuaX+60250101X+2019_T1,英文科技论文写作与学术报告
C_course-v1:TsinghuaX+THU201602+2019_T1,创新材料学
C_course-v1:TsinghuaX+40260173X+2019_T1,数字集成电路分析与设计
C_course-v1:xuetangX+MOOC102+2019_T1,e时代的教与学——慕课引发的混合式教学
C_course-v1:TsinghuaX+00510888X+2019_T1,创业启程
C_course-v1:HEBUT+20180207002+2019_T1,水彩
C_course-v1:MITx+15_390x_1+2019_T1,创业101：你的客户是谁？
C_course-v1:TsinghuaX+60610231_p1+2019_T1,工程职业伦理
C_course-v1:TsinghuaX+THU00001X+2019_T1,决胜移动互联网：创业者的商业模式课
C_course-v1:XAAU+20180411001+2019_T1,《统万城》导读
C_course-v1:TsinghuaX+80590952X+2019_T1,公共危机管理
C_course-v1:TsinghuaX+20120143X+2019_T1,工程制图 
C_course-v1:TsinghuaX+10610193X+2019_T1,中国近现代史纲要
C_course-v1:TsinghuaX+10610183_2X+2019_T1,思想道德修养与法律基础 
C_course-v1:TsinghuaX+10620204X+2019_T1,马克思主义基本原理
C_course-v1:TsinghuaX+00690092X+2019_T1,逻辑学概论
C_course-v1:SCUT+SM001+2019_T1,企业战略管理
C_course-v1:TsinghuaX+44100343X+2019_T1,Web前端攻城狮
C_course-v1:TsinghuaX+10610224X+2019_T1,毛泽东思想和中国特色社会主义理论体系概论
C_course-v1:TsinghuaX+30640014X+2019_T1,生活英语听说
C_course-v1:TsinghuaX+90640012X_1+2019_T1,生活英语进阶
C_course-v1:TsinghuaX+90640012X+2019_T1,生活英语读写
C_course-v1:LUIBE+2018030701+2019_T1,揭开潜意识心理的奥秘
C_course-v1:TsinghuaX+01030132X+2019_T1,大学历史与文化
C_course-v1:TsinghuaX+80160283+2019_T1,系统化产品设计与开发
C_course-v1:HEBNU+20180621001+2019_T1,高频电子线路
C_course-v1:TsinghuaX+02070251X+2019_T1,职业探索与选择
C_course-v1:TsinghuaX+80590982X+2019_T1,公共管理前沿——社会企业家精神
C_course-v1:CQU+2017121401X+2019_T1,结构力学
C_course-v1:TsinghuaX+00690342X+2019_T1,西方哲学精神探源
C_course-v1:BFU+15012510+2019_T1,日语交际功能语法
C_course-v1:BFU+15023710+2019_T1,山野菜认知与开发利用
C_course-v1:TsinghuaX+TSINGHUA107+2019_T1,经典与思考——人文清华大师面对面
C_course-v1:TsinghuaX+80000271X+2019_T1,住宅精细化设计
C_course-v1:TsinghuaX+00690302_2+2019_T1,携手向花间——昆曲经典剧目欣赏
C_course-v1:TsinghuaX+Grasshopper101+2019_T1,Grasshopper参数化设计与建模
C_course-v1:TsinghuaX+20320074X+2019_T1,ARM微控制器与嵌入式系统
C_course-v1:TsinghuaX+34000312X+2019_T1,医学寄生虫学
C_course-v1:CSU+20180920X+2019_T1,临床流行病学
C_course-v1:XYSFXY+20181024X+2019_T1,教育环境中跨文化交流的秘密
C_course-v1:PPSUC+2017052301+2019_T1,大学生安全与保护
C_course-v1:ZUEL+20181108X+2019_T1,互联网企业估值
C_course-v1:TsinghuaX+70800232X+2019_T1,视觉传达设计思维与方法
C_course-v1:TsinghuaX+70240183x_1+2019_T1,计算几何
C_course-v1:NBCCx+NBCC000502+2019_T1,英汉语言对比
C_course-v1:ZUELX+B0601353+2019_T1,组织行为学——如何有效管理员工行为
C_course-v1:TsinghuaX+80611322X+2019_T1,教育社会学
C_course-v1:CQU+MATH20041X+2019_T1,概率论与数理统计
C_course-v1:TsinghuaX+64100033X+2019_T1,大数据系统基础
C_course-v1:CUC+119511+2019_T1,从音乐到影像
C_course-v1:TsinghuaX+80150193X+2019_T1,汽车碰撞安全基础
C_course-v1:SEU+00690803+2019_T1,大学国文——先秦至唐文学赏析
C_course-v1:TsinghuaX+30700313X+2019_T1,心理学概论
C_course-v1:TsinghuaX+80000822X+2019_T1,适老居住空间与环境设计
C_course-v1:TsinghuaX+80000901X_1+2019_T1,中国建筑史——史前至两宋辽金
C_course-v1:CUPB+100722C004+2019_T1,财务报表分析逻辑与技巧
C_course-v1:HUST+0200421+2019_T1,财务报表分析
C_course-v1:TsinghuaX+80000901X_2+2019_T1,中国建筑史——元明清与民居
C_course-v1:TsinghuaX+10430575X+2019_T1,力学
C_course-v1:FUDANx+ECON130088+2019_T1,互联网金融
C_course-v1:FUDANx+ECON13000701+2019_T1,经济学
C_course-v1:FUDANx+ECON1300812+2019_T1,金融工程
C_course-v1:FUDANx+ECON130080+2019_T1,投资银行学
C_course-v1:FUDANx+SOSC120007+2019_T1,货币金融学
C_course-v1:ZZU+334068+2019_T1,定格身边的美——数码摄影攻略
C_course-v1:CUPB+100203E003+2019_T1,采油工程
C_course-v1:CUPB+CUPB201702+2019_T1,中国石油文化
C_course-v1:JNUX+jnu2017001X+2019_T1,《红楼梦》的空间艺术
C_course-v1:KMUSTX+8209001+2019_T1,生活中的市场营销学
C_course-v1:TsinghuaX+30040263X+sp,土力学
C_course-v1:JNU+07009215+2019_T1,自然保护与生态安全：拯救地球家园
C_course-v1:JXUST+JXUST2016001+2019_T1,人工智能
C_course-v1:JNU+11022048+2019_T1,管理咨询
C_course-v1:JNU+03010015+2019_T1,国际私法
C_course-v1:JNU+11020009+2019_T1,管理学原理
C_course-v1:TsinghuaX+30590023+2019_T1,社会研究方法
C_course-v1:HQU+20180307002+2019_T1,科学运动与健康
C_course-v1:USTC+AP000011X+2019_T1,多元微积分
C_course-v1:TsinghuaX+20180131001+2019_T1,山水画技法
C_course-v1:GZHU+000001004+2019_T1,中国近现代史纲要
C_course-v1:TsinghuaX+40250074X+2019_T1,自动控制理论
C_course-v1:TsinghuaX+40250683X+2019_T1,自动控制理论
C_course-v1:HUBU+20190124X+2019_T1,管理沟通的艺术
C_course-v1:TsinghuaX+AP000015X+2019_T1,大学化学
C_course-v1:TsinghuaX+AP000001X+2019_T1,大学化学
C_course-v1:TsinghuaX+AP201601X+2019_T1,大学物理-电磁学
C_course-v1:TsinghuaX+AP000002X+2019_T1,大学物理-力学
C_course-v1:TsinghuaX+AP000005X+2019_T1,微积分
C_course-v1:RUCX+AP000010X+2019_T1,微观经济学原理
C_course-v1:TsinghuaX+AP000016X+2019_T1,普通生物学
C_course-v1:TsinghuaX+10450034_1X_2X+2019_T1,普通生物学
C_course-v1:TsinghuaX+AP000003X+2019_T1,概率论与数理统计 
C_course-v1:TsinghuaX+AP000014X+2019_T1,概率论与数理统计 
C_course-v1:TsinghuaX+AP000013X+2019_T1,线性代数
C_course-v1:TsinghuaX+AP000008X+2019_T1,通用学术英语
C_course-v1:TsinghuaX+AP000004X+2019_T1,简明线性代数
C_course-v1:CSU+20180919X+2019_T1,医学科研设计
C_course-v1:TsinghuaX+80030222X+2019_T1,钢筋混凝土耐久性导论
C_course-v1:SCUEC+20171229001+2019_T1,"Hello,心理学"
C_course-v1:TsinghuaX+70240403+2019_T1,大数据机器学习
C_course-v1:IMUN+5024610+2019_T1,世界文明史
C_course-v1:TsinghuaX+8070071301+2019_T1,积极心理学厚德载物篇
C_course-v1:TsinghuaX+8070071302+2019_T1,积极心理学自强不息篇
C_course-v1:TsinghuaX+20180412+2019_T1,花卉鉴赏
C_course-v1:SCUT+2019012401X+SP,计算机辅助设计
C_course-v1:GZUCM+2019012801X+2019_T1,创业新浪潮：医药健康创新创业
C_course-v1:dlmu+20180906+2019_T1,航海概论
C_course-v1:ZUEL+2019012806X+2019_T1,以案说法
C_course-v1:TsinghuaX+80512073X+2019_T1,财务分析与决策
C_course-v1:TsinghuaX+JRFX01+2019_T1,财务分析与估值
C_course-v1:HEBUT+20180208006+2019_T1,美术鉴赏
C_course-v1:HNU+20180706002+2019_T1,中国近现代史纲要
C_course-v1:CSU+25071011201+2019_T1,分子生物学
C_course-v1:KMUSTX+8219011+2019_T1,理工学术英语
C_course-v1:BIT+100070018+2019_T1,C语言程序设计
C_course-v1:BIT+100070018+2019_T2,C语言程序设计
C_course-v1:rcoe+mooc103+2019_T1,e时代的新课堂——在线教育概论
C_course-v1:MIL+MIL2016001+2019_T1,我国周边14个陆地邻国基本情况介绍
C_course-v1:TsinghuaX+40160092X+2019_T1,生产计划与控制
C_course-v1:TsinghuaX+TsinghuaX+2019_T1,高技术与现代局部战争
C_course-v1:TsinghuaX+00990021X+2019_T1,绿色建筑与可持续发展
C_course-v1:GIT+0500002402+2019_T1,电路原理
C_course-v1:FZXY+20180301001+2019_T1,晶体光学
C_course-v1:CSU+2018020201X+2019_T1,主题英语
C_course-v1:SEU+00690803_2+2019_T1,大学国文——北宋至现代文学赏析
C_course-v1:JNUX+07009156X+2019_T1,中医与诊断-学做自己的医生
C_course-v1:TsinghuaX+10421075X+2019_T1,微积分——极限理论与一元函数
C_course-v1:TsinghuaX+60510102X+2019_T1,创办新企业
C_course-v1:TsinghuaX+10421084X+2019_T1,微积分——多元函数与重积分
C_course-v1:TsinghuaX+60610231+2019_T1,工程伦理
C_course-v1:BNU+2017053101X+2019_T1,科研伦理与学术规范
C_course-v1:BJTU+2017052601X+2019_T1,技术创新简史
C_course-v1:TsinghuaX+30803273X+2019_T1,中国工笔人物画赏析与创作
C_course-v1:TsinghuaX+40670702X+2019_T1,影视制作入门
C_course-v1:FAFU+20180919X+2019_T1,乐商对话
C_course-v1:TsinghuaX+20740042X+2019_T1,计算机文化基础
C_course-v1:TsinghuaX+20440333X+2019_T1,有机化学
C_course-v1:FJTCM+20180622001+2019_T1,健康信息学
C_course-v1:GZHU+20180718001+2019_T1,动态几何
C_course-v1:SichuanU+302074030+2019_T1,机械原理
C_course-v1:DYU+dyuwgzbbm+2019_T1,为公司把把脉
C_course-v1:NCTU+wym+2019_T1,明朝心学的智慧发展史：王阳明带你打土匪
C_course-v1:BNU+ENV13018+2019_T1,环境规划
C_course-v1:BNU+2018122405X+2019_T1,一舞一世界——世界经典舞蹈赏析
C_course-v1:BNU+2017071001X+2019_T1,环境地学原理
C_course-v1:TsinghuaX+40130753+2019_T1,光电仪器设计
C_course-v1:BNU+2018122601X+2019_T1,意在象中——中国古典诗词鉴赏
C_course-v1:CUC+2018081702X+2019_T1,新媒体编创
C_course-v1:BNU+CHE21128011+2019_T1,计算化学
C_course-v1:MITx+15_671x+2019_T1,u.lab 0x: 基于觉察的系统创变：感知和共创未来
C_course-v1:TsinghuaX+00680142X+2019_T1,儒家修身之道
C_course-v1:MITx+15_671_1X+2019_T1,u.lab 1x：向未来学习 引领系统创变
C_course-v1:UC_BerkeleyX+ColWri2_1x_2015_T1+2019_T1,英文写作指导——写作入门
C_course-v1:XJTU+CHEM330109+2019_T1,简明有机化学
C_course-v1:BNU+0210021441+2019_T1,管理学
C_course-v1:NCTU+lhtl+2019_T1,学会学：学习之道
C_course-v1:TsinghuaX+2018031601X+2019_T1,党的十九大精神概论
C_course-v1:TsinghuaX+20190222+2019_T1,病理学
C_course-v1:TsinghuaX+THU201607+2019_T1,高等化工热力学
C_course-v1:TsinghuaX+70340063X+2019_T1,高等化工热力学
C_course-v1:XJTU+C00204+2019_T1,中国哲学经典著作导读
C_course-v1:HUBU+HU08001X+2019_T1,工程制图
C_course-v1:SichuanU+306197030+2019_T1,土力学
C_course-v1:SCUT+145223+2019_T1,大学计算机基础
C_course-v1:TsinghuaX+40990255+2019_T1,建筑环境学
C_course-v1:HUBU+20181017X+2019_T1,无机化学
C_course-v1:TsinghuaX+20190225x+2019_T1,工业生产管理概论
C_course-v1:ZUELX+20171127001+2019_T1,创业基础
C_course-v1:JNUX+jnu05011190X+2019_T1,华文趣味教学法
C_course-v1:TsinghuaX+THUSEM002+2019_T1,微观经济学
C_course-v1:NBCCx+NBCC000002+2019_T1,茶艺
C_course-v1:TsinghuaX+40150442+2019_T1,汽车构造
C_course-v1:imvtc+2018122701+2019_T1,网络综合布线
C_course-v1:SCUT+20180427001+2019_T1,微积分1
C_course-v1:GZLIS+070200140+2019_T1,印刷色彩基础与实务
C_course-v1:TsinghuaX+40670453X+2019_T1,新闻摄影
C_course-v1:JNU+20180722001+2019_T1,生活中的货币时间价值
C_course-v1:TsinghuaX+L061101X+sp,庄子哲学导读
C_course-v1:TsinghuaX+61030031X+2019sp,教育学导引
C_course-v1:TsinghuaX+30230931X+2019_T1,电子信息科学与技术导引
C_course-v1:TsinghuaX+30130274X+2019_T1,光学工程基础
C_course-v1:HQU+20180307006+2019_T1,中华戏曲艺术鉴赏
C_course-v1:YAU+20181108X+2019_T1,解剖与生活
C_course-v1:ZJFF+000516+2019_T1,商务礼仪
C_course-v1:BSU+2018122403X+2019_T1,女性修与养：女性运动、营养与健康
C_course-v1:KMUSTX+1803168+2019_T1,基因工程
C_course-v1:YSU+20180301001+2019_T1,工程制图基础
C_course-v1:HQU+20180307008+2019_T1,马克思主义基本原理概论
C_course-v1:SCUEC+20180620001+2019_T1,谈医说药
C_course-v1:TsinghuaX+10450012X+2019_T1,现代生物学导论
C_course-v1:XMU+2019031401X+2019_T1,儿科护理学
C_course-v1:SWU+2019031403X+2019_T1,校园心理学：让每一个学生顺利成长
C_course-v1:BIFT+1301990078+2019_T1,服装数字科技
C_course-v1:PekingX+2018122102X+2019_T1,病理生理学
C_course-v1:PekingX+2018122101X+2019_T1,护理研究方法
C_course-v1:chzu+ZJ1867357+2019_T1,信息素养-互联网+时代的学习与生活
C_course-v1:qhnu+20181212x+2019_T1,藏语言文字学概论
C_course-v1:gztrc+2018122601+2019_T1,教学的艺术
C_course-v1:BUCM+2018122604X+2019_T1,循证护理
C_course-v1:TsinghuaX+2019032101X+2019_T2,明·园境赏析：明代36佳境
C_course-v1:shsmu+shsmu001+2019_T1,常见病的健康管理
C_course-v1:imvtc+2018122702+2019_T1,建筑材料
C_course-v1:GDUT+2018120405X+2019_T1,音乐漫步
C_course-v1:NGO20X+USTC2016002+2019_T1,公益众筹
C_course-v1:BNU+2018122602X+2019_T1,中国电影经典影片鉴赏
C_course-v1:TsinghuaX+04000083+2019_T1,肿瘤生物学概论
C_course-v1:btbu+20181228+2019_T1,市场营销学
C_course-v1:BSU+2018122405X+2019_T1,华尔兹舞基础教程
C_course-v1:HEBUT+2019040202X+2019_T1,低频电子线路
C_course-v1:USTC+SE20190403X+sp,互联网体系结构
C_course-v1:QLU+2018122607X+2019_T1,装饰图案
C_course-v1:BFU+2018122709+2019_T1,风景园林艺术原理
C_course-v1:NEU+2018122401X+2019_T1,无机化学
C_course-v1:SCUEC+2018112001X+2019_T1,民族手工艺术——走进生活
C_course-v1:XJTU+2018112004X+2019_T1,国防教育——热点问题
C_course-v1:TsinghuaX+34100333+2019_T1,软件理论基础
C_course-v1:CMU+2018122401X+2019_T1,传染病学
C_course-v1:DUT+3412113011+2019_T1,高等数学习题课——级数，多元函数微积分
C_course-v1:nxu+2018122712+2019_T1,醉美葡萄酒
C_course-v1:BSU+2018122404X+2019_T1,网球技术动作入门
C_course-v1:nxu+2018122711+2019_T1,解读西夏
C_course-v1:BFU+2018122710+2019_T1,植物景观规划设计导论
C_course-v1:nxu+2018122713+2019_T1,人类遗传探秘
C_course-v1:jxust+2018122701X+2019_T1,诗情画意的光学
C_course-v1:TsinghuaX+30240332+2019_T1,JAVA程序设计进阶
C_course-v1:TJUFE+2018122506X+2019_T1,物流管理
C_course-v1:TsinghuaX+20180919X+2019_T1,经济学原理
C_course-v1:NDU+2019042601X+2019_T2,军事理论
C_course-v1:CSU+2019043001X+2019_T1,医患沟通技能学
C_course-v1:CSMZXY+2018111301X+2019_T2,婚礼文化
C_course-v1:SYJU+030020406+2019_T1,暖通空调
C_course-v1:HBNU+2019051509X+2019_T1,5G与人工智能
C_course-v1:TCIS+2019032101X+2019_T2,中华文化要义：大一统
C_course-v1:TCIS+2019032501X+2019_T2,中华商道与企业家精神
C_course-v1:TCIS+2019032502X+2019_T2,中国共产党与中华民族伟大复兴
C_course-v1:CSU+82150112201+2019_T2,循证医学
C_course-v1:TW+2018052501X+2019_T3,STEM课程设计与案例分析
C_course-v1:TsinghuaX+60700052X+2019_T2,数据科学导论
C_course-v1:TsinghuaX+80515182X+2019_sp,麦肯锡“全球领导力”自主模式
C_course-v1:NEU+2019012201X+2019_T2,物理化学
C_course-v1:NEU+2019012202X+2019_T2,物理化学
